Číslo inzerátu:,Internet:,Dispozice:,Plocha:,Cena:,Poplatky:,Vratná kauce:,Město:,Městská část:,Typ vlastnictví:,Typ budovy:,PENB:,Podlaží:,Balkón:,Terasa:,Výtah:,Garáž:,K dispozici od:,lat,long,Vybavenost:,Stáří:,Provedení:,Typ vytápění:,Podlaží v rámci domu:,Rekonstrukce:,Předzahrádka:,Novostavba:
602233,,3+1,85 m²,22.000 Kč,3.000 Kč,25.000 Kč,Praha,Nové Město,Osobní,Cihla,F,1,Ano,Ne,Ano,Ne,15.04.2020,50.078073,14.423947,,,,,,,,
483454,,3+kk,77 m²,23.000 Kč,750 Kč,,Praha,Nové Město,Osobní,Cihla,D,2,Ano,Ano,Ne,Ne,19.05.2020,50.0705361,14.4187017,Vybavený,1 - 10,standardní: běžné materiály a technologie,plynový kotel,první až předposlední podlaží,vše,,
524239,,2+kk,39 m²,15.500 Kč,750 Kč,,Praha,Nové Město,Osobní,Cihla,G,3,Ano,Ano,Ne,Ne,19.05.2020,50.070427,14.4189049,Vybavený,,,,,,,
558443,,3+1,81 m²,25.500 Kč,3.000 Kč,,Praha,Nové Město,Osobní,Cihla,D,5,Ano,Ano,Ne,Ne,19.05.2020,50.0705361,14.4187017,Vybavený,,,,,,,
602091,,1+kk,35 m²,11.500 Kč,1.500 Kč,15.000 Kč,Praha,Nové Město,Družstevní,Cihla,B,1,Ne,Ne,Ne,Ne,29.05.2020,50.070531,14.430608,,,,,,,,
602021,,3+kk,110 m²,24.000 Kč,3.000 Kč,30.000 Kč,Praha,Nové Město,Družstevní,Cihla,B,2,Ano,Ne,Ne,Ne,05.04.2020,50.078251,14.424879,Vybavený,,,,,,,
324257,,3+kk,70 m²,16.999 Kč,2.999 Kč,15.000 Kč,Praha,Nové Město,Osobní,Cihla,,,Ne,Ne,Ne,Ne,13.05.2020,50.0786077,14.4172987,Vybavený,,,plynový kotel,,,,
166213,,2+1,72 m²,15.000 Kč,4.500 Kč,19.500 Kč,Praha,Nové Město,Osobní,Cihla,C,3,Ne,Ne,Ne,Ne,01.05.2020,50.0808055,14.4197518,Vybavený,1 - 10,,plynový kotel,,interiér,116 m²,
544787,,Garsoniéra,19 m²,8.000 Kč,2.500 Kč,16.000 Kč,Praha,Nové Město,Osobní,Cihla,,,Ne,Ne,Ano,Ne,18.05.2020,50.0688474,14.415003,Částečně,,standardní: běžné materiály a technologie,centrální,přízemí,,,
601882,,4+kk,78 m²,26.000 Kč,2.000 Kč,26.000 Kč,Praha,Nové Město,Ostatní,Cihla,B,2,Ano,Ne,Ne,Ne,04.04.2020,50.079395,14.417413,Částečně,1 - 10,nadstandardní: nadstandardní použité materiály a technologie,elektrický kotel,první až předposlední podlaží,interiér,,
607713,,2+kk,50 m²,19.500 Kč,1.900 Kč,30.000 Kč,Praha,Nové Město,Osobní,Cihla,G,5,Ne,Ne,Ano,Ne,01.06.2020,50.071796,14.429385,Vybavený,1 - 10,nadstandardní: nadstandardní použité materiály a technologie,elektrický kotel,podkroví,,,Ano
607367,,2+kk,55 m²,18.000 Kč,3.200 Kč,20.000 Kč,Praha,Nové Město,Osobní,Cihla,E,4,Ne,Ne,Ano,Ne,11.05.2020,50.0920451,14.4340658,Vybavený,1 - 10,standardní: běžné materiály a technologie,plynový kotel,,interiér,,
594181,,1+1,50 m²,11.950 Kč,1.950 Kč,22.000 Kč,Praha,Nové Město,Osobní,Cihla,,4,Ne,Ne,Ano,Ne,01.03.2020,50.092077,14.430363,,,,,,,,
506073,,2+kk,50 m²,17.000 Kč,1.500 Kč,30.000 Kč,Praha,Nové Město,Osobní,Cihla,,3,Ne,Ne,Ano,Ne,01.05.2020,50.0787661,14.4220411,Vybavený,1 - 10,standardní: běžné materiály a technologie,plynový kotel,první až předposlední podlaží,vše,,
601034,,1+kk,54 m²,17.500 Kč,1.500 Kč,17.500 Kč,Praha,Nové Město,Osobní,Cihla,G,4,Ano,Ne,Ano,Ne,04.05.2020,50.08185,14.41864,,,,,,,,
604142,,3+1,100 m²,20.000 Kč,3.000 Kč,22.000 Kč,Praha,Nové Město,Osobní,Cihla,C,1,Ne,Ne,Ano,Ne,21.04.2020,50.092422,14.434408,,,,,,,,
595272,,2+kk,57 m²,22.000 Kč,5.000 Kč,40.000 Kč,Praha,Nové Město,Osobní,Cihla,,57,Ne,Ano,Ano,Ne,18.05.2020,50.072848,14.431488,Vybavený,,nadstandardní: nadstandardní použité materiály a technologie,elektrický kotel,první až předposlední podlaží,vše,,
607379,,1+kk,24 m²,12.000 Kč,2.500 Kč,15.000 Kč,Praha,Nové Město,Osobní,Cihla,E,2,Ne,Ne,Ano,Ne,08.05.2020,50.074462,14.414953,Vybavený,1 - 10,standardní: běžné materiály a technologie,centrální,první až předposlední podlaží,vše,,
605190,,1+kk,40 m²,14.000 Kč,2.000 Kč,20.000 Kč,Praha,Nové Město,Osobní,Cihla,C,2,Ano,Ne,Ano,Ne,01.06.2020,50.086175,14.436721,Vybavený,1 - 10,nadstandardní: nadstandardní použité materiály a technologie,plynový kotel,první až předposlední podlaží,,,
608603,,1+1,30 m²,12.000 Kč,1.500 Kč,15.000 Kč,Praha,Nové Město,Osobní,Cihla,G,1,Ne,Ne,Ano,Ne,17.05.2020,50.070208,14.415621,,,,,,,,
607730,,2+kk,46 m²,14.000 Kč,3.000 Kč,18.000 Kč,Praha,Nové Město,Osobní,Cihla,F,3,Ne,Ne,Ano,Ne,12.05.2020,50.082401,14.431601,Nevybavený,,nadstandardní: nadstandardní použité materiály a technologie,centrální,první až předposlední podlaží,vše,,
599174,,Garsoniéra,27 m²,11.000 Kč,3.000 Kč,11.000 Kč,Praha,Nové Město,Osobní,Cihla,C,2,Ano,Ne,Ano,Ne,23.03.2020,50.07792,14.422626,Vybavený,,standardní: běžné materiály a technologie,ústřední dálkové,první až předposlední podlaží,exteriér,,
603202,,1+kk,34 m²,14.000 Kč,3.000 Kč,17.000 Kč,Praha,Nové Město,Osobní,Cihla,B,4,Ne,Ano,Ano,Ne,15.04.2020,50.078437,14.427824,,,,,,,,
606012,,2+kk,60 m²,14.000 Kč,4.000 Kč,18.000 Kč,Praha,Nové Město,Obecní,Cihla,G,3,Ne,Ne,Ano,Ne,03.05.2020,50.085565,14.42903,,,,,,,,
569928,,4+1,93 m²,25.000 Kč,3.000 Kč,28.000 Kč,Praha,Nové Město,Osobní,Cihla,,1,Ano,Ne,Ano,Ne,03.10.2019,50.0926859,14.4314516,Nevybavený,,standardní: běžné materiály a technologie,centrální,vyvýšené přízemí,vše,,
603780,,3+1,113 m²,22.000 Kč,600 Kč,22.000 Kč,Praha,Nové Město,Osobní,Cihla,D,3,Ano,Ne,Ne,Ne,20.04.2020,50.075022,14.416138,,,,,,,,
596444,,1+1,40 m²,12.998 Kč,1.999 Kč,24.000 Kč,Praha,Nové Město,Osobní,Cihla,G,1,Ne,Ne,Ano,Ne,16.05.2020,50.091955,14.430613,,,,,,,,
608473,,2+1,70 m²,26.000 Kč,3.000 Kč,26.000 Kč,Praha,Nové Město,Osobní,Cihla,G,2,Ano,Ne,Ne,Ne,01.06.2020,50.07914,14.419346,,,,,,,,
527739,,4+1,105 m²,28.000 Kč,3.000 Kč,50.000 Kč,Praha,Nové Město,Osobní,Cihla,D,5,Ano,Ne,Ne,Ne,1.10.2018,50.0922883,14.4324325,Částečně,,,,,,,
556736,,2+kk,46 m²,15.000 Kč,3.000 Kč,15.000 Kč,Praha,Nové Město,Osobní,Cihla,,4,Ne,Ne,Ne,Ne,Hned,50.0705328,14.4306153,Nevybavený,,,,,,,
608462,,3+kk,82 m²,19.000 Kč,6.000 Kč,19.000 Kč,Praha,Nové Město,Ostatní,Cihla,B,6,Ne,Ne,Ano,Ano,15.05.2020,50.081579,14.425876,,,,,,,,
608461,,2+kk,52 m²,16.000 Kč,5.000 Kč,16.000 Kč,Praha,Nové Město,Ostatní,Cihla,B,6,Ne,Ne,Ano,Ano,15.05.2020,50.081858,14.426135,,,,,,,,
608457,,1+kk,30 m²,14.000 Kč,4.000 Kč,14.000 Kč,Praha,Nové Město,Ostatní,Cihla,A,8,Ne,Ne,Ano,Ano,15.05.2020,50.081579,14.425876,,,,,,,,
602617,,2+kk,42 m²,17.000 Kč,2.500 Kč,19.500 Kč,Praha,Nové Město,Osobní,Cihla,F,2,Ano,Ne,Ne,Ne,10.04.2020,50.084122,14.431357,Vybavený,více než 50,standardní: běžné materiály a technologie,plynový kotel,první až předposlední podlaží,,,
598907,,4+kk,150 m²,28.000 Kč,3.000 Kč,,Praha,Nové Město,Osobní,Cihla,,4,Ne,Ne,Ano,Ne,15.05.2020,50.085983,14.435495,,,,plynový kotel,,,,
608389,,2+kk,42 m²,16.000 Kč,4.000 Kč,32.000 Kč,Praha,Nové Město,Osobní,Cihla,D,5,Ano,Ne,Ano,Ne,20.05.2020,50.074393,14.429983,,,,,,,,
608283,,2+kk,42 m²,22.500 Kč,2.500 Kč,75.000 Kč,Praha,Nové Město,Osobní,Cihla,B,2,Ne,Ne,Ano,Ne,18.05.2020,50.070643,14.416497,,,,,,,,
600350,,2+kk,30 m²,13.000 Kč,3.000 Kč,15.000 Kč,Praha,Nové Město,Osobní,Cihla,C,2,Ne,Ne,Ano,Ne,26.03.2020,50.0758394,14.4209607,Vybavený,,,,,,,
600643,,4+kk,178 m²,39.000 Kč,8.000 Kč,25.000 Kč,Praha,Nové Město,Ostatní,Cihla,C,3,Ne,Ne,Ano,Ne,26.03.2020,50.077668,14.426391,,,,,,,,
608247,,1+kk,32 m²,14.500 Kč,3.000 Kč,17.500 Kč,Praha,Nové Město,Osobní,Cihla,F,1,Ne,Ano,Ne,Ne,15.05.2020,50.070854,14.418567,,,,,,,,
608073,,2+1,60 m²,13.000 Kč,4.000 Kč,13.000 Kč,Praha,Nové Město,Osobní,Cihla,G,3,Ne,Ne,Ano,Ne,15.05.2020,50.072491,14.429571,,,,,,,,
442624,,2+kk,70 m²,24.800 Kč,5.200 Kč,,Praha,Nové Město,Osobní,Cihla,,3,Ne,Ne,Ne,Ne,,50.0857411,14.4316927,Vybavený,,,,,,,
608096,,2+kk,53 m²,11.990 Kč,3.200 Kč,14.990 Kč,Praha,Nové Město,Osobní,Cihla,G,5,Ne,Ne,Ne,Ne,01.06.2020,50.075249,14.426411,,,,,,,,
602316,,1+kk,25 m²,10.000 Kč,2.500 Kč,15.000 Kč,Praha,Nové Město,Osobní,Cihla,C,4,Ne,Ne,Ano,Ne,07.04.2020,50.073011,14.43084,,,,,,,,
607322,,3+1,96 m²,21.000 Kč,4.000 Kč,15.000 Kč,Praha,Nové Město,Družstevní,Cihla,F,4,Ne,Ne,Ne,Ne,11.05.2020,50.071296,14.419511,,,,,,,,
606810,,3+kk,75 m²,13.500 Kč,600 Kč,13.500 Kč,Praha,Nové Město,Osobní,Cihla,G,2,Ano,Ne,Ne,Ne,01.06.2020,50.07184,14.429817,Částečně,,standardní: běžné materiály a technologie,plynový kotel,první až předposlední podlaží,vše,,
604057,,1+kk,34 m²,14.000 Kč,3.000 Kč,17.000 Kč,Praha,Nové Město,Osobní,Cihla,B,3,Ne,Ano,Ano,Ne,12.05.2020,50.078437,14.427824,Částečně,,,,,,,Ano
521102,,3+kk,57 m²,19.000 Kč,2.000 Kč,35.000 Kč,Praha,Nové Město,Osobní,Cihla,,4,Ne,Ne,Ne,Ne,01.06.2020,50.072176,14.4317224,Vybavený,1 - 10,standardní: běžné materiály a technologie,plynový kotel,první až předposlední podlaží,vše,,
603334,,2+1,110 m²,25.000 Kč,4.000 Kč,29.000 Kč,Praha,Nové Město,Osobní,Cihla,F,1,Ne,Ne,Ano,Ne,15.04.2020,50.079037,14.429609,Vybavený,více než 50,nadstandardní: nadstandardní použité materiály a technologie,plynový kotel,první až předposlední podlaží,vše,,
607813,,1+kk,25 m²,9.950 Kč,2.950 Kč,13.900 Kč,Praha,Nové Město,Osobní,Cihla,G,4,Ne,Ne,Ano,Ano,12.05.2020,50.089865,14.433707,,,,,,,,
606611,,2+kk,46 m²,16.000 Kč,3.000 Kč,16.000 Kč,Praha,Nové Město,Osobní,Cihla,C,5,Ne,Ne,Ano,Ne,06.05.2020,50.092303,14.431006,,,,,,,,
585938,,3+kk,88 m²,17.999 Kč,4.000 Kč,22.000 Kč,Praha,Nové Město,Osobní,Cihla,D,2,Ano,Ne,Ne,Ne,01.07.2020,50.080022,14.421993,Vybavený,10 - 30,standardní: běžné materiály a technologie,ústřední dálkové,první až předposlední podlaží,vše,,
607670,,3+1,140 m²,22.900 Kč,5.800 Kč,22.900 Kč,Praha,Nové Město,Osobní,Cihla,G,4,Ano,Ne,Ano,Ne,11.05.2020,50.079114,14.428088,Vybavený,,,,,,,
607655,,4+1,140 m²,22.900 Kč,5.800 Kč,22.900 Kč,Praha,Nové Město,Osobní,Cihla,G,1,Ano,Ne,Ano,Ne,11.05.2020,50.079114,14.428088,Vybavený,,,,,,,
607652,,3+kk,110 m²,17.900 Kč,4.800 Kč,17.900 Kč,Praha,Nové Město,Osobní,Cihla,G,2,Ano,Ne,Ano,Ne,11.05.2020,50.079114,14.428088,Vybavený,,,,,,,
607648,,3+1,105 m²,17.900 Kč,4.800 Kč,17.900 Kč,Praha,Nové Město,Osobní,Cihla,G,2,Ano,Ne,Ano,Ne,11.05.2020,50.079114,14.428088,Vybavený,,,,,,,
607615,,2+1,64 m²,16.500 Kč,500 Kč,16.500 Kč,Praha,Nové Město,Osobní,Cihla,E,4,Ne,Ne,Ne,Ne,11.05.2020,50.089659,14.437365,,,,,,,,
598637,,1+kk,35 m²,14.800 Kč,3.800 Kč,32.000 Kč,Praha,Nové Město,Osobní,Cihla,B,1,Ne,Ne,Ne,Ne,15.04.2020,50.078862,14.419293,Vybavený,1 - 10,nadstandardní: nadstandardní použité materiály a technologie,centrální,první až předposlední podlaží,,,
329073,,4+1,180 m²,120.000 Kč,6.000 Kč,240.000 Kč,Praha,Nové Město,Osobní,Cihla,E,1,Ano,Ne,Ne,Ne,,50.0682662,14.4151719,Vybavený,1 - 10,nadstandardní: nadstandardní použité materiály a technologie,plynový kotel,první až předposlední podlaží,vše,,
602042,,4+kk,116 m²,25.000 Kč,4.500 Kč,,Praha,Nové Město,Osobní,Cihla,G,3,Ne,Ne,Ano,Ne,11.05.2020,50.078049,14.423262,Vybavený,,,,první až předposlední podlaží,,,
600590,,3+1,95 m²,25.000 Kč,5.000 Kč,,Praha,Nové Město,Osobní,Cihla,G,4,Ne,Ne,Ano,Ne,01.04.2020,50.086286,14.436511,,,,,,,,
600598,,4+1,130 m²,27.000 Kč,6.500 Kč,,Praha,Nové Město,Osobní,Cihla,G,1,Ano,Ano,Ano,Ne,27.03.2020,50.081034,14.418643,Vybavený,,,jiné,první až předposlední podlaží,interiér,,
602300,,2+kk,80 m²,17.900 Kč,3.300 Kč,17.900 Kč,Praha,Nové Město,Osobní,Cihla,G,2,Ne,Ne,Ano,Ne,07.04.2020,50.09114,14.432696,Vybavený,1 - 10,nadstandardní: nadstandardní použité materiály a technologie,,,vše,,
602302,,2+kk,75 m²,17.900 Kč,3.700 Kč,17.900 Kč,Praha,Nové Město,Osobní,Cihla,G,2,Ne,Ne,Ano,Ne,07.04.2020,50.09114,14.432696,Vybavený,1 - 10,nadstandardní: nadstandardní použité materiály a technologie,,,vše,,
602305,,2+kk,70 m²,17.900 Kč,3.700 Kč,17.900 Kč,Praha,Nové Město,Osobní,Cihla,G,3,Ne,Ne,Ano,Ne,07.04.2020,50.09114,14.432696,Vybavený,1 - 10,nadstandardní: nadstandardní použité materiály a technologie,,,vše,,
602306,,2+kk,67 m²,17.900 Kč,3.700 Kč,17.900 Kč,Praha,Nové Město,Osobní,Cihla,G,3,Ne,Ne,Ano,Ne,07.04.2020,50.09114,14.432696,Vybavený,1 - 10,nadstandardní: nadstandardní použité materiály a technologie,,,vše,,
602309,,3+kk,110 m²,21.900 Kč,5.600 Kč,21.900 Kč,Praha,Nové Město,Osobní,Cihla,G,3,Ne,Ne,Ano,Ne,07.04.2020,50.09114,14.432696,Vybavený,1 - 10,nadstandardní: nadstandardní použité materiály a technologie,,podkroví,vše,,
602310,,3+kk,102 m²,19.900 Kč,5.300 Kč,19.900 Kč,Praha,Nové Město,Osobní,Cihla,G,3,Ne,Ne,Ano,Ne,07.04.2020,50.09114,14.432696,Vybavený,1 - 10,nadstandardní: nadstandardní použité materiály a technologie,,podkroví,vše,,
602435,,1+kk,20 m²,8.900 Kč,1.900 Kč,10.000 Kč,Praha,Nové Město,Osobní,Cihla,G,2,Ne,Ne,Ano,Ne,08.04.2020,50.091517,14.433053,Vybavený,1 - 10,nadstandardní: nadstandardní použité materiály a technologie,,,vše,,
602439,,1+kk,29 m²,10.900 Kč,1.900 Kč,10.900 Kč,Praha,Nové Město,Osobní,Cihla,G,2,Ne,Ne,Ano,Ne,08.04.2020,50.091517,14.433053,Vybavený,1 - 10,nadstandardní: nadstandardní použité materiály a technologie,,,vše,,
602553,,1+kk,19 m²,9.300 Kč,1.700 Kč,10.000 Kč,Praha,Nové Město,Osobní,Cihla,G,2,Ne,Ne,Ano,Ne,09.04.2020,50.08065,14.421326,Vybavený,1 - 10,nadstandardní: nadstandardní použité materiály a technologie,,,vše,,
602554,,1+kk,25 m²,9.900 Kč,1.750 Kč,10.000 Kč,Praha,Nové Město,Osobní,Cihla,G,2,Ne,Ne,Ano,Ne,09.04.2020,50.08065,14.421326,Vybavený,1 - 10,nadstandardní: nadstandardní použité materiály a technologie,,,vše,,
602555,,1+kk,36 m²,11.500 Kč,2.400 Kč,11.500 Kč,Praha,Nové Město,Osobní,Cihla,G,2,Ne,Ne,Ano,Ne,09.04.2020,50.08065,14.421326,Vybavený,1 - 10,nadstandardní: nadstandardní použité materiály a technologie,,,vše,,
602556,,3+kk,75 m²,19.900 Kč,4.700 Kč,19.900 Kč,Praha,Nové Město,Osobní,Cihla,G,5,Ne,Ne,Ano,Ne,09.04.2020,50.08065,14.421326,Vybavený,1 - 10,nadstandardní: nadstandardní použité materiály a technologie,,,vše,,
602557,,3+kk,75 m²,19.900 Kč,4.800 Kč,19.900 Kč,Praha,Nové Město,Osobní,Cihla,G,5,Ne,Ne,Ano,Ne,09.04.2020,50.08065,14.421326,Vybavený,1 - 10,nadstandardní: nadstandardní použité materiály a technologie,,,vše,,
602559,,3+kk,75 m²,23.000 Kč,4.800 Kč,23.000 Kč,Praha,Nové Město,Osobní,Cihla,G,5,Ne,Ano,Ano,Ne,09.04.2020,50.08065,14.421326,Vybavený,1 - 10,nadstandardní: nadstandardní použité materiály a technologie,,,vše,,
602561,,1+kk,22 m²,9.500 Kč,1.750 Kč,10.000 Kč,Praha,Nové Město,Osobní,Cihla,G,2,Ne,Ne,Ano,Ne,09.04.2020,50.082324,14.420799,Vybavený,1 - 10,nadstandardní: nadstandardní použité materiály a technologie,,,vše,,
602562,,2+kk,40 m²,12.900 Kč,2.350 Kč,12.900 Kč,Praha,Nové Město,Osobní,Cihla,G,2,Ne,Ne,Ano,Ne,09.04.2020,50.082324,14.420799,Vybavený,1 - 10,nadstandardní: nadstandardní použité materiály a technologie,,,vše,,
606376,,2+kk,61 m²,21.800 Kč,3.500 Kč,40.000 Kč,Praha,Nové Město,Osobní,Cihla,C,3,Ne,Ne,Ano,Ne,05.05.2020,50.090915,14.4307854,,,,,,,,
598978,,1+kk,30 m²,9.500 Kč,2.500 Kč,12.000 Kč,Praha,Nové Město,Ostatní,Cihla,A,,Ne,Ne,Ne,Ne,16.03.2020,50.090698,14.428402,Vybavený,,,,přízemí,,,
601637,,4+kk,130 m²,19.800 Kč,3.900 Kč,,Praha,Nové Město,Osobní,Cihla,C,4,Ano,Ne,Ano,Ne,02.05.2020,50.089798,14.432333,Vybavený,,standardní: běžné materiály a technologie,plynový kotel,poslední podlaží,,,
597597,,2+kk,43 m²,16.970 Kč,3.675 Kč,16.970 Kč,Praha,Nové Město,Osobní,Cihla,D,4,Ne,Ne,Ne,Ne,04.03.2020,50.074074,14.41775,,,,,,,,
606172,,1+kk,30 m²,12.000 Kč,1.500 Kč,12.000 Kč,Praha,Nové Město,Osobní,Cihla,C,2,Ne,Ne,Ne,Ne,04.05.2020,50.070731,14.416743,,,,,,,,
281437,,1+kk,27 m²,11.500 Kč,1.500 Kč,25.000 Kč,Praha,Nové Město,Osobní,Cihla,,7,Ne,Ne,Ne,Ne,24.03.2020,50.0693067,14.4201968,Částečně,,,,,,,
606059,,2+1,86 m²,21.000 Kč,4.500 Kč,27.000 Kč,Praha,Nové Město,Osobní,Panel,D,4,Ne,Ne,Ne,Ne,01.06.2020,50.079423,14.428294,Vybavený,,,plynový kotel,,interiér,,
606006,,3+kk,74 m²,25.000 Kč,5.000 Kč,50.000 Kč,Praha,Nové Město,Osobní,Cihla,D,5,Ne,Ne,Ano,Ne,04.05.2020,50.07425,14.429417,,,,,,,,
605993,,3+kk,109 m²,23.000 Kč,5.000 Kč,28.000 Kč,Praha,Nové Město,Obecní,Ostatní,G,3,Ne,Ne,Ano,Ne,03.05.2020,50.085565,14.42903,Vybavený,,,,,,,
605992,,2+kk,89 m²,20.800 Kč,4.000 Kč,24.800 Kč,Praha,Nové Město,Obecní,Cihla,G,5,Ano,Ne,Ano,Ne,03.05.2020,50.085565,14.42903,Vybavený,,,,,,,
541010,,Garsoniéra,35 m²,12.000 Kč,2.000 Kč,20.000 Kč,Praha,Nové Město,Osobní,Cihla,,5,Ne,Ne,Ano,Ne,01.06.2020,50.0859283,14.4335934,Vybavený,,standardní: běžné materiály a technologie,ústřední dálkové,první až předposlední podlaží,,,
603565,,1+1,45 m²,15.000 Kč,2.000 Kč,30.000 Kč,Praha,Nové Město,Osobní,Cihla,G,3,Ne,Ne,Ano,Ne,17.04.2020,50.078769,14.423422,,,,,,,,
606776,,2+kk,47 m²,15.000 Kč,3.500 Kč,15.000 Kč,Praha,Nové Město,Osobní,Cihla,D,5,Ne,Ne,Ano,Ne,11.05.2020,50.072173,14.431714,,,,,,,,
606591,,2+1,45 m²,14.750 Kč,500 Kč,14.750 Kč,Praha,Nové Město,Osobní,Cihla,A,1,Ne,Ne,Ne,Ne,07.05.2020,50.073924,14.418017,,,,,,,,
606555,,1+1,40 m²,15.000 Kč,1.459 Kč,15.000 Kč,Praha,Nové Město,Osobní,Cihla,G,3,Ano,Ne,Ano,Ne,01.06.2020,50.077355,14.417772,,,,,,,,
599515,,2+kk,70 m²,27.000 Kč,3.000 Kč,,Praha,Nové Město,Osobní,Cihla,G,2,Ne,Ne,Ano,Ne,19.03.2020,50.079413,14.427596,,,,,,,,
600347,,2+kk,60 m²,15.000 Kč,1.000 Kč,15.000 Kč,Praha,Nové Město,Osobní,Cihla,G,1,Ne,Ne,Ne,Ne,07.05.2020,50.079863,14.425211,Vybavený,,,,,,,
606534,,1+1,43 m²,12.000 Kč,1.500 Kč,12.000 Kč,Praha,Nové Město,Osobní,Cihla,G,2,Ano,Ne,Ano,Ne,01.06.2020,50.077355,14.417772,,,,,,,,
606523,,2+kk,46 m²,21.000 Kč,,,Praha,Nové Město,Osobní,Cihla,G,5,Ne,Ano,Ano,Ne,01.07.2020,50.092422,14.434408,Vybavený,1 - 10,standardní: běžné materiály a technologie,plynový kotel,poslední podlaží,vše,,
587834,,2+1,87 m²,34.000 Kč,2.500 Kč,36.500 Kč,Praha,Nové Město,Osobní,Cihla,D,5,Ne,Ne,Ano,Ne,19.12.2019,50.077059,14.41669,Nevybavený,,,,,,,
567477,,2+kk,70 m²,26.000 Kč,2.500 Kč,30.000 Kč,Praha,Nové Město,Osobní,Cihla,,2,Ano,Ne,Ne,Ne,11.07.2019,50.077344,14.415468,Částečně,,,,,,,
567479,,4+kk,122 m²,40.000 Kč,,46.000 Kč,Praha,Nové Město,Osobní,Cihla,,2,Ano,Ne,Ne,Ne,,50.0797175,14.4148565,Částečně,,,,,,,
606489,,4+1,120 m²,26.000 Kč,5.000 Kč,31.000 Kč,Praha,Nové Město,Osobní,Cihla,G,2,Ne,Ne,Ano,Ne,01.06.2020,50.076084,14.415683,,,,,,,,
589164,,3+kk,95 m²,19.000 Kč,8.200 Kč,19.000 Kč,Praha,Nové Město,Osobní,Ostatní,,1,Ne,Ano,Ano,Ne,07.01.2020,50.0783155,14.4228637,Vybavený,1 - 10,nadstandardní: nadstandardní použité materiály a technologie,,přízemí,vše,20 m²,
592983,,2+1,84 m²,19.500 Kč,3.500 Kč,39.000 Kč,Praha,Nové Město,Osobní,Cihla,G,5,Ano,Ne,Ano,Ne,15.05.2020,50.092005,14.431277,Částečně,,,centrální,první až předposlední podlaží,interiér,,
606423,,1+kk,25 m²,16.000 Kč,1.300 Kč,32.000 Kč,Praha,Nové Město,Osobní,Cihla,B,4,Ano,Ne,Ano,Ne,05.05.2020,50.077816,14.422913,,,,,,,,
17064,,2+kk,40 m²,14.500 Kč,2.800 Kč,20.000 Kč,Praha,Nové Město,Ostatní,Cihla,B,1,Ne,Ne,Ne,Ne,,50.0721388,14.4317263,Vybavený,1 - 10,nadstandardní: nadstandardní použité materiály a technologie,,první až předposlední podlaží,vše,,
604534,,2+kk,50 m²,22.000 Kč,1 Kč,22.000 Kč,Praha,Nové Město,Ostatní,Cihla,A,1,Ne,Ne,Ano,Ne,24.04.2020,50.090752,14.430289,Vybavený,1 - 10,standardní: běžné materiály a technologie,elektrický kotel,,,,
524714,,1+kk,80 m²,17.000 Kč,3.000 Kč,30.000 Kč,Praha,Nové Město,Ostatní,Cihla,,2,Ne,Ne,Ne,Ne,04.05.2020,50.0817465,14.4271892,Vybavený,,,,,,,
606183,,2+1,60 m²,17.000 Kč,2.000 Kč,19.000 Kč,Praha,Nové Město,Osobní,Cihla,G,1,Ne,Ne,Ano,Ne,01.06.2020,50.074231,14.415674,,,,,,,,
606177,,5+1,200 m²,43.000 Kč,2.000 Kč,43.000 Kč,Praha,Nové Město,Osobní,Cihla,F,2,Ano,Ano,Ne,Ano,01.06.2020,50.07184,14.429817,Nevybavený,,nadstandardní: nadstandardní použité materiály a technologie,plynový kotel,první až předposlední podlaží,vše,,
600692,,1+kk,25 m²,16.000 Kč,2.000 Kč,30.000 Kč,Praha,Nové Město,Osobní,Cihla,G,1,Ano,Ne,Ano,Ne,01.04.2020,50.078932,14.424598,Vybavený,,nadstandardní: nadstandardní použité materiály a technologie,centrální,vyvýšené přízemí,vše,3 m²,
606075,,1+kk,33 m²,12.500 Kč,1.500 Kč,18.000 Kč,Praha,Nové Město,Družstevní,Cihla,D,,Ne,Ne,Ano,Ne,01.07.2020,50.071165,14.415031,,,,,,,,
606041,,2+1,93 m²,22.000 Kč,1.800 Kč,22.000 Kč,Praha,Nové Město,Osobní,Cihla,C,5,Ne,Ne,Ano,Ne,04.05.2020,50.085925,14.433585,,,,,,,,
604500,,2+1,78 m²,38.000 Kč,3.000 Kč,76.000 Kč,Praha,Nové Město,Osobní,Cihla,A,1,Ano,Ne,Ne,Ne,01.05.2020,50.078143,14.414493,,,,,,,,
509912,,2+1,80 m²,16.000 Kč,3.000 Kč,,Praha,Nové Město,Ostatní,Cihla,,5,Ne,Ano,Ano,Ne,28.03.2020,50.077797298195,14.416744736246,Vybavený,,,,,,,
376757,,3+1,95 m²,24.500 Kč,2.500 Kč,,Praha,Nové Město,Osobní,Cihla,,3,Ne,Ne,Ano,Ne,01.06.2020,50.0705246,14.4147691,Vybavený,,,,,,,
604951,,2+1,50 m²,25.000 Kč,4.000 Kč,29.000 Kč,Praha,Nové Město,Osobní,Cihla,B,1,Ne,Ne,Ne,Ne,01.05.2020,50.078502,14.414927,Vybavený,,nadstandardní: nadstandardní použité materiály a technologie,plynový kotel,přízemí,interiér,,
599147,,3+1,110 m²,22.000 Kč,6.000 Kč,22.000 Kč,Praha,Nové Město,Osobní,Cihla,B,3,Ne,Ne,Ano,Ne,18.03.2020,50.0797956,14.422176,,,,,,,,
178093,,3+kk,86 m²,22.000 Kč,4.200 Kč,,Praha,Nové Město,Družstevní,Cihla,,1,Ne,Ne,Ne,Ne,,50.0832272,14.4310369,Částečně,,,,,,,
591363,,2+kk,35 m²,13.900 Kč,2.500 Kč,14.000 Kč,Praha,Nové Město,Osobní,Cihla,C,5,Ne,Ne,Ano,Ne,15.02.2020,50.073011,14.43084,Nevybavený,1 - 10,nadstandardní: nadstandardní použité materiály a technologie,centrální,první až předposlední podlaží,vše,,Ano
602054,,3+kk,115 m²,24.000 Kč,3.000 Kč,24.000 Kč,Praha,Nové Město,Osobní,Cihla,A,3,Ne,Ne,Ano,Ne,10.04.2020,50.078639,14.41624,,,,,,,,
602084,,2+kk,55 m²,13.500 Kč,2.000 Kč,16.000 Kč,Praha,Nové Město,Družstevní,Cihla,B,1,Ne,Ne,Ne,Ne,23.04.2020,50.070531,14.430608,,,,,,,,
602080,,2+kk,55 m²,13.500 Kč,2.000 Kč,16.000 Kč,Praha,Nové Město,Družstevní,Cihla,B,1,Ne,Ne,Ne,Ne,22.04.2020,50.070531,14.430608,Vybavený,,,,,interiér,,
604673,,2+1,61 m²,17.500 Kč,750 Kč,,Praha,Nové Město,Osobní,Cihla,G,2,Ne,Ne,Ano,Ne,25.04.2020,50.091306,14.431885,,,,,,,,
603343,,Ostatní,114 m²,35.000 Kč,4.000 Kč,39.000 Kč,Praha,Nové Město,Osobní,Cihla,F,5,Ne,Ne,Ano,Ne,15.04.2020,50.085203,14.428022,Vybavený,30 - 50,nadstandardní: nadstandardní použité materiály a technologie,centrální,poslední podlaží,vše,,
604552,,2+kk,73 m²,19.900 Kč,2.000 Kč,19.900 Kč,Praha,Nové Město,Osobní,Cihla,G,2,Ne,Ano,Ano,Ne,27.04.2020,50.078714,14.42809,,,,,,,,
151368,,1+kk,35 m²,10.000 Kč,2.500 Kč,10.000 Kč,Praha,Nové Město,Osobní,Cihla,,4,Ne,Ne,Ne,Ne,,50.0927445,14.4319608,Vybavený,,nadstandardní: nadstandardní použité materiály a technologie,centrální,první až předposlední podlaží,interiér,,
296808,,1+kk,31 m²,12.000 Kč,1.000 Kč,,Praha,Nové Město,Osobní,Cihla,,3,Ne,Ne,Ne,Ne,,50.0817469,14.426709,Vybavený,,,,,,,
604459,,3+1,84 m²,15.000 Kč,10.000 Kč,30.000 Kč,Praha,Nové Město,Osobní,Panel,G,2,Ne,Ne,Ne,Ne,01.05.2020,50.091854,14.429356,,,,,,,,
602574,,2+kk,71 m²,20.000 Kč,6.280 Kč,20.000 Kč,Praha,Nové Město,Osobní,Cihla,G,5,Ne,Ne,Ano,Ne,09.04.2020,50.078862,14.419293,,,,,,,,
605040,,2+1,89 m²,20.600 Kč,3.000 Kč,23.000 Kč,Praha,Nové Město,Osobní,Cihla,G,1,Ne,Ne,Ano,Ne,15.05.2020,50.069086,14.415011,Částečně,,standardní: běžné materiály a technologie,centrální,vyvýšené přízemí,interiér,,
599406,,3+kk,85 m²,15.500 Kč,6.700 Kč,20.000 Kč,Praha,Nové Město,Ostatní,Ostatní,E,5,Ano,Ne,Ano,Ne,01.05.2020,50.081414,14.425292,Vybavený,více než 50,,centrální,první až předposlední podlaží,,,
604947,,3+kk,70 m²,15.000 Kč,5.000 Kč,20.000 Kč,Praha,Nové Město,Osobní,Cihla,G,3,Ano,Ne,Ano,Ne,01.05.2020,50.089579,14.428571,,,,,,,,
604843,,2+kk,54 m²,14.500 Kč,3.050 Kč,20.000 Kč,Praha,Nové Město,Osobní,Cihla,G,,Ne,Ne,Ano,Ne,01.05.2020,50.076382,14.427867,,,,,,,,
604184,,3+kk,93 m²,32.000 Kč,750 Kč,,Praha,Nové Město,Osobní,Cihla,D,1,Ne,Ne,Ano,Ne,21.04.2020,50.076132,14.415252,,,,,,,,
604153,,3+kk,93 m²,30.000 Kč,750 Kč,,Praha,Nové Město,Osobní,Cihla,D,3,Ne,Ne,Ano,Ne,21.04.2020,50.076132,14.415252,,,,,,,,
604150,,4+kk,125 m²,60.000 Kč,750 Kč,,Praha,Nové Město,Osobní,Cihla,D,1,Ne,Ne,Ano,Ne,21.04.2020,50.076132,14.415252,,,,,,,,
604810,,3+1,100 m²,23.500 Kč,3.500 Kč,27.000 Kč,Praha,Nové Město,Osobní,Cihla,G,2,Ano,Ne,Ano,Ne,27.04.2020,50.09203,14.431507,,,,,,,,
548506,,2+1,60 m²,24.500 Kč,3.000 Kč,40.000 Kč,Praha,Nové Město,Osobní,Cihla,B,4,Ne,Ne,Ano,Ne,1.4.2019,50.0694781,14.418098,Vybavený,1 - 10,nadstandardní: nadstandardní použité materiály a technologie,,první až předposlední podlaží,vše,,
171038,,1+kk,23 m²,9.900 Kč,2.500 Kč,15.000 Kč,Praha,Nové Město,Osobní,Cihla,G,1,Ne,Ne,Ne,Ne,,50.0710049,14.4155126,Vybavený,,,,vyvýšené přízemí,,,
604559,,3+1,93 m²,19.000 Kč,2.500 Kč,19.000 Kč,Praha,Nové Město,Osobní,Cihla,G,4,Ne,Ne,Ano,Ne,27.04.2020,50.079511,14.426132,,,,,,,,
603713,,2+kk,75 m²,17.000 Kč,3.480 Kč,34.000 Kč,Praha,Nové Město,Osobní,Cihla,D,2,Ne,Ne,Ano,Ne,01.06.2020,50.07184,14.429817,,,,,,,,
604469,,3+kk,104 m²,25.000 Kč,2.000 Kč,27.000 Kč,Praha,Nové Město,Osobní,Cihla,G,1,Ne,Ne,Ne,Ne,23.04.2020,50.086984,14.433467,,,,,,,,
604448,,1+kk,28 m²,14.500 Kč,1.500 Kč,33.000 Kč,Praha,Nové Město,Osobní,Cihla,G,6,Ne,Ne,Ano,Ne,23.04.2020,50.078065,14.42488,,,,,,,,
602075,,2+kk,55 m²,13.500 Kč,2.000 Kč,20.000 Kč,Praha,Nové Město,Družstevní,Cihla,B,1,Ne,Ne,Ne,Ne,01.05.2020,50.070531,14.430608,Vybavený,,,,,interiér,,
587400,,3+kk,70 m²,44.400 Kč,3.800 Kč,48.200 Kč,Praha,Nové Město,Osobní,Ostatní,B,5,Ne,Ano,Ano,Ano,30.12.2019,50.066618,14.423069,Vybavený,,,,,,,
587384,,2+kk,49 m²,33.600 Kč,2.700 Kč,36.300 Kč,Praha,Nové Město,Osobní,Ostatní,B,3,Ano,Ne,Ano,Ano,16.12.2019,50.066229,14.422893,Vybavený,,,,,,,
604300,,4+kk,93 m²,30.000 Kč,750 Kč,35.000 Kč,Praha,Nové Město,Osobní,Cihla,A,2,Ne,Ne,Ano,Ne,22.04.2020,50.076265,14.415182,,,,,,,,
604258,,2+1,44 m²,14.900 Kč,1.900 Kč,,Praha,Nové Město,Osobní,Cihla,G,3,Ne,Ne,Ano,Ne,22.05.2020,50.085844,14.433248,Vybavený,,nadstandardní: nadstandardní použité materiály a technologie,centrální,první až předposlední podlaží,interiér,,
604152,,2+kk,45 m²,16.000 Kč,2.850 Kč,32.000 Kč,Praha,Nové Město,Osobní,Cihla,G,4,Ne,Ne,Ano,Ne,21.04.2020,50.071948,14.432094,,,,,,,,
246170,,1+kk,49 m²,13.000 Kč,1.000 Kč,14.000 Kč,Praha,Nové Město,Osobní,Cihla,,4,Ne,Ne,Ne,Ne,21.04.2020,50.0869871,14.4334754,Vybavený,,,plynový kotel,poslední podlaží,vše,,
510590,,3+kk,83 m²,29.500 Kč,3.000 Kč,40.000 Kč,Praha,Nové Město,Osobní,Cihla,,,Ne,Ano,Ne,Ne,01.06.2020,50.073077,14.4235837,Vybavený,,,,,,,
599662,,3+1,86 m²,24.000 Kč,1.500 Kč,,Praha,Nové Město,Ostatní,Cihla,G,4,Ano,Ne,Ano,Ne,20.03.2020,50.080605,14.416678,Vybavený,,,,první až předposlední podlaží,,,
599674,,3+1,86 m²,20.000 Kč,1.500 Kč,,Praha,Nové Město,Ostatní,Cihla,G,2,Ano,Ne,Ano,Ne,20.03.2020,50.080511,14.414861,Vybavený,,standardní: běžné materiály a technologie,jiné,,interiér,,
282911,,2+kk,45 m²,13.000 Kč,3.200 Kč,20.000 Kč,Praha,Nové Město,Družstevní,Cihla,,5,Ne,Ne,Ne,Ne,01.04.2020,50.0745656,14.4292787,Vybavený,,,ústřední dálkové,první až předposlední podlaží,vše,,
599527,,Garsoniéra,37 m²,10.500 Kč,2.500 Kč,7.000 Kč,Praha,Nové Město,Osobní,Cihla,G,1,Ne,Ne,Ne,Ne,31.05.2020,50.076817,14.42124,Vybavený,více než 50,standardní: běžné materiály a technologie,plynový kotel,vyvýšené přízemí,vše,,
599685,,3+1,117 m²,27.000 Kč,1.525 Kč,40.000 Kč,Praha,Nové Město,Osobní,Cihla,C,1,Ano,Ano,Ne,Ne,20.03.2020,50.078042,14.417749,,,,,,,,
600944,,3+kk,85 m²,21.500 Kč,2.000 Kč,23.500 Kč,Praha,Nové Město,Družstevní,Cihla,B,4,Ne,Ne,Ano,Ne,01.04.2020,50.091854,14.429356,,,,,,,,
604052,,2+kk,55 m²,15.000 Kč,800 Kč,15.000 Kč,Praha,Nové Město,Osobní,Cihla,G,6,Ne,Ne,Ano,Ne,01.05.2020,50.085925,14.433585,,,,,,,,
439528,,3+1,75 m²,18.000 Kč,3.400 Kč,,Praha,Nové Město,Osobní,Cihla,,2,Ne,Ne,Ano,Ne,15.05.2020,50.0908729,14.4346216,Částečně,,,ústřední dálkové,,,,
602463,,1+kk,25 m²,11.900 Kč,2.500 Kč,11.900 Kč,Praha,Nové Město,Osobní,Cihla,B,4,Ne,Ne,Ano,Ne,08.04.2020,50.09237,14.431645,,,,,,,,
121366,,1+kk,23 m²,9.700 Kč,2.500 Kč,10.000 Kč,Praha,Nové Město,Osobní,Cihla,,5,Ano,Ne,Ano,Ne,,50.0911677,14.4292571,Vybavený,,,centrální,,,,
603904,,4+kk,108 m²,32.500 Kč,4.500 Kč,32.500 Kč,Praha,Nové Město,Osobní,Cihla,G,1,Ne,Ne,Ano,Ne,20.04.2020,50.074402,14.429998,Vybavený,,,,první až předposlední podlaží,,,
603901,,1+1,30 m²,12.000 Kč,3.000 Kč,15.000 Kč,Praha,Nové Město,Osobní,Cihla,G,3,Ne,Ne,Ano,Ne,20.04.2020,50.080496,14.41697,,,,,,,,
603895,,3+1,135 m²,56.500 Kč,3.000 Kč,56.500 Kč,Praha,Nové Město,Osobní,Cihla,G,3,Ano,Ne,Ano,Ne,20.04.2020,50.076132,14.415252,Vybavený,,nadstandardní: nadstandardní použité materiály a technologie,,první až předposlední podlaží,interiér,,
603567,,2+1,65 m²,18.900 Kč,5.000 Kč,20.000 Kč,Praha,Nové Město,Osobní,Cihla,D,5,Ano,Ne,Ano,Ne,04.05.2020,50.078418,14.428376,,,,,,,,
602106,,2+kk,55 m²,13.500 Kč,2.500 Kč,19.000 Kč,Praha,Nové Město,Družstevní,Cihla,B,2,Ne,Ne,Ano,Ne,06.04.2020,50.070531,14.430608,Vybavený,1 - 10,,,,vše,,
603250,,2+kk,42 m²,15.000 Kč,1.500 Kč,15.000 Kč,Praha,Nové Město,Osobní,Cihla,B,5,Ne,Ano,Ne,Ne,15.04.2020,50.084152,14.431322,Vybavený,,,centrální,poslední podlaží,vše,,
543444,,3+1,78 m²,18.000 Kč,1.000 Kč,36.000 Kč,Praha,Nové Město,Osobní,Cihla,,3,Ne,Ne,Ne,Ne,ihned,50.0851676,14.4276184,Nevybavený,,,,,,,
599512,,2+kk,68 m²,24.500 Kč,3.000 Kč,,Praha,Nové Město,Osobní,Cihla,G,3,Ne,Ne,Ano,Ne,19.03.2020,50.079413,14.427596,,,,,,,,
599517,,2+kk,70 m²,24.500 Kč,3.000 Kč,,Praha,Nové Město,Osobní,Cihla,G,1,Ne,Ne,Ne,Ne,19.03.2020,50.08393,14.430914,Vybavený,,nadstandardní: nadstandardní použité materiály a technologie,ústřední dálkové,první až předposlední podlaží,vše,,
599522,,3+kk,110 m²,29.000 Kč,3.000 Kč,,Praha,Nové Město,Osobní,Cihla,G,2,Ano,Ne,Ne,Ne,19.03.2020,50.08258,14.431159,Vybavený,,nadstandardní: nadstandardní použité materiály a technologie,ústřední dálkové,první až předposlední podlaží,vše,,
599523,,2+kk,90 m²,25.000 Kč,3.000 Kč,,Praha,Nové Město,Osobní,Cihla,G,2,Ne,Ne,Ne,Ne,19.03.2020,50.08258,14.431159,Vybavený,,nadstandardní: nadstandardní použité materiály a technologie,ústřední dálkové,první až předposlední podlaží,vše,,
599528,,2+kk,65 m²,24.500 Kč,3.000 Kč,,Praha,Nové Město,Osobní,Cihla,G,1,Ano,Ne,Ne,Ne,19.03.2020,50.090515,14.432289,Vybavený,,nadstandardní: nadstandardní použité materiály a technologie,ústřední dálkové,první až předposlední podlaží,vše,,
363575,,3+kk,105 m²,25.000 Kč,,25.000 Kč,Praha,Nové Město,Osobní,Cihla,,4,Ano,Ne,Ne,Ne,,50.079114,14.4281208,Vybavený,1 - 10,nadstandardní: nadstandardní použité materiály a technologie,plynový kotel,první až předposlední podlaží,interiér,,
603760,,2+1,65 m²,17.000 Kč,5.244 Kč,17.000 Kč,Praha,Nové Město,Osobní,Cihla,G,2,Ne,Ne,Ano,Ne,26.04.2020,50.078073,14.423947,,,,,,,,
603755,,2+1,50 m²,15.000 Kč,4.311 Kč,15.000 Kč,Praha,Nové Město,Osobní,Cihla,G,2,Ne,Ne,Ano,Ne,01.05.2020,50.078073,14.423947,,,,,,,,
602018,,3+kk,110 m²,25.000 Kč,2.500 Kč,30.000 Kč,Praha,Nové Město,Družstevní,Cihla,B,2,Ne,Ne,Ne,Ne,05.04.2020,50.078251,14.424879,Vybavený,,,,,,,
562586,,1+kk,46 m²,20.000 Kč,1.000 Kč,24.000 Kč,Praha,Nové Město,Osobní,Cihla,,,Ne,Ano,Ne,Ne,,50.0797175,14.4148565,Nevybavený,,,,,,,
602552,,2+kk,40 m²,15.000 Kč,3.000 Kč,18.000 Kč,Praha,Nové Město,Osobní,Cihla,G,2,Ano,Ne,Ne,Ne,15.04.2020,50.0836,14.430418,Vybavený,více než 50,standardní: běžné materiály a technologie,jiné,první až předposlední podlaží,vše,,
602514,,3+1,90 m²,25.000 Kč,3.500 Kč,28.500 Kč,Praha,Nové Město,Osobní,Cihla,G,2,Ne,Ne,Ne,Ne,10.04.2020,50.081285,14.429989,Částečně,1 - 10,nadstandardní: nadstandardní použité materiály a technologie,tepelné čerpadlo (geotermální),první až předposlední podlaží,vše,,
599277,,1+kk,26 m²,13.000 Kč,2.000 Kč,13.000 Kč,Praha,Nové Město,Osobní,Cihla,A,3,Ne,Ne,Ano,Ne,18.04.2020,50.077816,14.422913,Vybavený,,,elektrický kotel,,vše,,
601284,,4+1,130 m²,29.500 Kč,5.000 Kč,34.500 Kč,Praha,Nové Město,Osobní,Cihla,B,3,Ano,Ne,Ne,Ne,01.04.2020,50.0749916,14.4298445,Vybavený,více než 50,standardní: běžné materiály a technologie,plynový kotel,první až předposlední podlaží,,,
602893,,3+kk,87 m²,27.000 Kč,2.780 Kč,27.000 Kč,Praha,Nové Město,Osobní,Cihla,G,1,Ne,Ne,Ano,Ne,01.05.2020,50.083168,14.430355,,,,,,,,
546554,,2+1,57 m²,19.600 Kč,2.000 Kč,30.000 Kč,Praha,Nové Město,Osobní,Cihla,E,2,Ne,Ne,Ano,Ano,01.06.2020,50.0841314,14.432317,Vybavený,,nadstandardní: nadstandardní použité materiály a technologie,,první až předposlední podlaží,,,
602725,,3+kk,82 m²,25.000 Kč,4.000 Kč,25.000 Kč,Praha,Nové Město,Osobní,Cihla,G,3,Ne,Ne,Ano,Ne,10.04.2020,50.075704,14.428532,Vybavený,,,,první až předposlední podlaží,,,
602078,,3+kk,100 m²,22.500 Kč,3.000 Kč,25.000 Kč,Praha,Nové Město,Družstevní,Cihla,B,5,Ne,Ano,Ano,Ne,15.05.2020,50.071222,14.430421,Vybavený,,nadstandardní: nadstandardní použité materiály a technologie,,poslední podlaží,interiér,,
602480,,2+1,60 m²,16.000 Kč,2.500 Kč,32.000 Kč,Praha,Nové Město,Osobní,Cihla,G,3,Ne,Ne,Ne,Ne,08.04.2020,50.078013,14.415162,,,,,,,,
602432,,1+kk,35 m²,16.000 Kč,5.500 Kč,32.000 Kč,Praha,Nové Město,Osobní,Cihla,G,3,Ne,Ne,Ne,Ne,01.05.2020,50.078862,14.419293,,,,,,,,
602297,,2+kk,70 m²,17.900 Kč,3.300 Kč,17.900 Kč,Praha,Nové Město,Osobní,Cihla,G,2,Ne,Ne,Ano,Ne,07.04.2020,50.09114,14.432696,Vybavený,1 - 10,nadstandardní: nadstandardní použité materiály a technologie,,,vše,,
602142,,Garsoniéra,22 m²,10.500 Kč,2.000 Kč,12.500 Kč,Praha,Nové Město,Osobní,Cihla,G,4,Ano,Ne,Ano,Ne,08.05.2020,50.075282,14.415047,,,,,,,,
602119,,3+kk,100 m²,20.000 Kč,2.500 Kč,25.000 Kč,Praha,Nové Město,Družstevní,Cihla,B,1,Ne,Ne,Ne,Ne,01.05.2020,50.070531,14.430608,Vybavený,,,,,vše,,
600478,,1+1,44 m²,15.000 Kč,1.500 Kč,15.000 Kč,Praha,Nové Město,Osobní,Cihla,C,4,Ne,Ne,Ano,Ne,27.03.2020,50.092222,14.434098,Vybavený,,standardní: běžné materiály a technologie,plynový kotel,,,,
602019,,2+kk,42 m²,17.000 Kč,2.900 Kč,17.000 Kč,Praha,Nové Město,Osobní,Cihla,D,1,Ne,Ano,Ne,Ne,01.01.1970,50.078657,14.428021,Vybavený,1 - 10,nadstandardní: nadstandardní použité materiály a technologie,plynový kotel,první až předposlední podlaží,interiér,,
598935,,3+kk,90 m²,18.000 Kč,5.990 Kč,,Praha,Nové Město,Ostatní,Nízkoenergetický,A,6,Ne,Ano,Ano,Ne,14.03.2020,50.0822331,14.4262862,Vybavený,1 - 10,nadstandardní: nadstandardní použité materiály a technologie,,poslední podlaží,,,
602015,,2+kk,43 m²,16.000 Kč,2.900 Kč,16.000 Kč,Praha,Nové Město,Osobní,Cihla,G,2,Ne,Ano,Ne,Ne,01.01.1970,50.083485,14.430783,Vybavený,1 - 10,nadstandardní: nadstandardní použité materiály a technologie,plynový kotel,první až předposlední podlaží,interiér,,
601564,,1+kk,31 m²,15.000 Kč,2.000 Kč,17.000 Kč,Praha,Nové Město,Osobní,Cihla,B,5,Ano,Ne,Ano,Ano,02.04.2020,50.066365,14.423325,,,,,,,,
601762,,2+kk,32 m²,14.000 Kč,2.000 Kč,,Praha,Nové Město,Osobní,Cihla,G,1,Ne,Ne,Ne,Ne,06.04.2020,50.071413,14.41997,Částečně,,,ústřední dálkové,přízemí,,,
601718,,2+kk,70 m²,25.000 Kč,3.000 Kč,20.000 Kč,Praha,Nové Město,Osobní,Cihla,B,4,Ne,Ne,Ne,Ne,06.04.2020,50.077927,14.416034,Vybavený,1 - 10,nadstandardní: nadstandardní použité materiály a technologie,centrální,poslední podlaží,vše,,
601443,,2+kk,45 m²,23.000 Kč,2.700 Kč,25.700 Kč,Praha,Nové Město,Osobní,Cihla,B,3,Ano,Ne,Ne,Ne,01.04.2020,50.067274,14.423637,,,,,,,,
601430,,4+kk,104 m²,34.000 Kč,5.500 Kč,39.500 Kč,Praha,Nové Město,Osobní,Cihla,E,4,Ne,Ano,Ano,Ne,01.04.2020,50.074079,14.430035,,,,,,,,
600314,,2+kk,52 m²,13.900 Kč,4.000 Kč,40.000 Kč,Praha,Nové Město,Osobní,Cihla,D,2,Ano,Ne,Ano,Ne,01.04.2020,50.077616,14.422776,Vybavený,více než 50,nadstandardní: nadstandardní použité materiály a technologie,plynový kotel,první až předposlední podlaží,interiér,,
558264,,3+kk,130 m²,65.000 Kč,3.500 Kč,130.000 Kč,Praha,Nové Město,Osobní,Cihla,,4,Ano,Ne,Ne,Ne,,50.0682662,14.4151719,Vybavený,,,,,,,
601346,,3+1,80 m²,17.000 Kč,2.000 Kč,17.000 Kč,Praha,Nové Město,Osobní,Cihla,G,4,Ne,Ne,Ano,Ne,01.04.2020,50.072365,14.429593,,,,,,,,
601328,,2+kk,60 m²,24.000 Kč,3.000 Kč,48.000 Kč,Praha,Nové Město,Osobní,Cihla,E,2,Ne,Ne,Ano,Ne,31.03.2020,50.068321,14.415244,,,,,,,,
295953,,3+1,105 m²,38.000 Kč,4.000 Kč,76.000 Kč,Praha,Nové Město,Osobní,Cihla,,2,Ano,Ne,Ne,Ne,,50.0682844,14.4151661,Vybavený,,,,,,,
376562,,3+1,100 m²,33.000 Kč,4.000 Kč,66.000 Kč,Praha,Nové Město,Osobní,Cihla,,1,Ano,Ne,Ne,Ne,,50.0682662,14.4151719,Vybavený,,,,,,,
552764,,3+1,129 m²,29.500 Kč,5.000 Kč,29.500 Kč,Praha,Nové Město,Osobní,Cihla,,3,Ano,Ne,Ano,Ne,01.04.2020,50.076128,14.4281346,Vybavený,,standardní: běžné materiály a technologie,ústřední dálkové,,interiér,,
601258,,4+1,180 m²,100.000 Kč,5.000 Kč,200.000 Kč,Praha,Nové Město,Osobní,Cihla,E,2,Ano,Ne,Ano,Ne,31.03.2020,50.068321,14.415244,,,,,,,,
601096,,4+kk,80 m²,22.500 Kč,1.000 Kč,22.000 Kč,Praha,Nové Město,Družstevní,Cihla,B,2,Ne,Ne,Ano,Ne,01.04.2020,50.079139,14.427458,,,,,,,,
601237,,1+kk,27 m²,14.000 Kč,2.400 Kč,20.000 Kč,Praha,Nové Město,Osobní,Cihla,D,6,Ano,Ne,Ano,Ne,01.04.2020,50.0780441,14.4250586,Vybavený,1 - 10,nadstandardní: nadstandardní použité materiály a technologie,,první až předposlední podlaží,,,Ano
600564,,2+1,112 m²,25.000 Kč,5.000 Kč,,Praha,Nové Město,Osobní,Cihla,G,1,Ano,Ano,Ano,Ne,28.03.2020,50.079035,14.425217,,,,,,,,
535990,,2+1,96 m²,20.000 Kč,2.000 Kč,20.000 Kč,Praha,Nové Město,Družstevní,Cihla,C,5,Ano,Ne,Ano,Ne,01.01.1970,50.0750848,14.415848,Vybavený,10 - 30,standardní: běžné materiály a technologie,plynový kotel,poslední podlaží,interiér,,
600696,,1+kk,29 m²,11.000 Kč,3.500 Kč,15.000 Kč,Praha,Nové Město,Osobní,Cihla,A,1,Ne,Ne,Ne,Ne,01.04.2020,50.077816,14.422913,,,,,,,,
599760,,4+1,87 m²,27.000 Kč,3.750 Kč,40.000 Kč,Praha,Nové Město,Osobní,Cihla,G,3,Ne,Ne,Ne,Ne,21.03.2020,50.081196,14.418336,,,,,,,,
600621,,3+kk,120 m²,19.900 Kč,4.900 Kč,10.000 Kč,Praha,Nové Město,Osobní,Cihla,B,4,Ano,Ne,Ano,Ne,01.01.1970,50.076385,14.428864,Vybavený,1 - 10,nadstandardní: nadstandardní použité materiály a technologie,ústřední dálkové,první až předposlední podlaží,interiér,,
600584,,2+kk,58 m²,14.500 Kč,2.500 Kč,,Praha,Nové Město,Osobní,Cihla,E,3,Ano,Ano,Ano,Ano,10.05.2020,50.084138,14.432308,Částečně,,nadstandardní: nadstandardní použité materiály a technologie,centrální,,vše,,
600573,,Garsoniéra,112 m²,25.000 Kč,5.000 Kč,,Praha,Nové Město,Osobní,Cihla,G,1,Ano,Ano,Ano,Ne,27.03.2020,50.079035,14.425217,,,,,,,,
600566,,2+1,80 m²,19.900 Kč,4.900 Kč,10.000 Kč,Praha,Nové Město,Osobní,Cihla,B,2,Ne,Ne,Ano,Ne,01.01.1970,50.076385,14.428864,Vybavený,1 - 10,nadstandardní: nadstandardní použité materiály a technologie,ústřední dálkové,první až předposlední podlaží,interiér,,
600563,,2+1,112 m²,25.000 Kč,5.000 Kč,,Praha,Nové Město,Osobní,Cihla,G,1,Ano,Ano,Ano,Ne,29.03.2020,50.079035,14.425217,,,,,,,,
600521,,3+kk,100 m²,25.000 Kč,4.000 Kč,50.000 Kč,Praha,Nové Město,Osobní,Cihla,G,1,Ne,Ne,Ne,Ne,01.04.2020,50.079392,14.417654,,,,,,,,
600520,,3+kk,113 m²,25.000 Kč,5.000 Kč,,Praha,Nové Město,Osobní,Cihla,G,1,Ano,Ano,Ne,Ne,28.03.2020,50.079035,14.425217,,,,,,,,
153530,,2+1,85 m²,19.500 Kč,4.000 Kč,23.500 Kč,Praha,Nové Město,Osobní,Cihla,,2,Ne,Ne,Ne,Ne,23.03.2020,50.0779312,14.4236575,Vybavený,,,plynový kotel,,,,
500408,,1+kk,79 m²,15.000 Kč,3.000 Kč,30.000 Kč,Praha,Nové Město,Ostatní,Cihla,,2,Ne,Ne,Ne,Ne,,50.0918112,14.4330353,Vybavený,,,,,,,
600046,,1+1,40 m²,15.000 Kč,1.500 Kč,20.000 Kč,Praha,Nové Město,Osobní,Cihla,G,1,Ne,Ne,Ne,Ne,23.03.2020,50.074531,14.423605,,,,,,,,
600038,,1+kk,25 m²,12.500 Kč,1.500 Kč,20.000 Kč,Praha,Nové Město,Osobní,Cihla,G,1,Ne,Ne,Ne,Ne,23.03.2020,50.074531,14.423605,Vybavený,,,elektrický kotel,vyvýšené přízemí,vše,,
600145,,3+kk,100 m²,18.000 Kč,2.000 Kč,11.000 Kč,Praha,Nové Město,Osobní,Ostatní,A,2,Ne,Ne,Ne,Ne,23.03.2020,50.079801,14.423914,,,,,,,,
599557,,2+kk,42 m²,19.700 Kč,500 Kč,19.700 Kč,Praha,Nové Město,Osobní,Cihla,D,1,Ne,Ne,Ano,Ne,20.03.2020,50.090703,14.434371,,,,,,,,
599514,,3+1,110 m²,29.000 Kč,5.000 Kč,34.000 Kč,Praha,Nové Město,Osobní,Cihla,E,1,Ne,Ne,Ne,Ne,01.05.2020,50.075078,14.42927,Vybavený,,,plynový kotel,první až předposlední podlaží,interiér,,
599425,,2+kk,46 m²,20.000 Kč,3.070 Kč,15.000 Kč,Praha,Nové Město,Osobní,Cihla,G,5,Ano,Ne,Ne,Ne,18.03.2020,50.078437,14.427824,Vybavený,1 - 10,,centrální,první až předposlední podlaží,vše,,
599421,,2+kk,45 m²,20.000 Kč,3.070 Kč,15.000 Kč,Praha,Nové Město,Osobní,Cihla,G,1,Ne,Ano,Ne,Ne,18.03.2020,50.078437,14.427824,Vybavený,1 - 10,,centrální,přízemí,vše,10 m²,Ano
598960,,3+kk,80 m²,28.000 Kč,5.000 Kč,28.000 Kč,Praha,Nové Město,Osobní,Cihla,G,1,Ne,Ne,Ano,Ne,01.07.2020,50.084769,14.429215,,,,,,,,
598927,,2+1,110 m²,28.000 Kč,4.990 Kč,,Praha,Nové Město,Ostatní,Nízkoenergetický,A,6,Ano,Ano,Ano,Ne,14.03.2020,50.0822331,14.4262862,Vybavený,1 - 10,nadstandardní: nadstandardní použité materiály a technologie,,poslední podlaží,,,
598424,,2+1,57 m²,18.000 Kč,1.800 Kč,19.800 Kč,Praha,Nové Město,Osobní,Cihla,G,3,Ne,Ne,Ano,Ne,11.03.2020,50.068856,14.416315,Nevybavený,,standardní: běžné materiály a technologie,centrální,první až předposlední podlaží,interiér,,
411852,,2+kk,49 m²,17.000 Kč,2.000 Kč,20.000 Kč,Praha,Nové Město,Osobní,Cihla,,6,Ne,Ano,Ne,Ne,,50.0688519,14.4163137,Částečně,,standardní: běžné materiály a technologie,centrální,poslední podlaží,interiér,,
